[
  {
    "completions": [
      {
        "id": 1,
        "lead_time": 74.042,
        "result": [
          {
            "from_name": "Output",
            "id": "M20sup8R5T",
            "to_name": "text",
            "type": "choices",
            "value": {
              "choices": [
                "High Priority"
              ]
            }
          }
        ]
      }
    ],
    "data": {
      "text": "Name: Google\nCategories: Ad Network, Artificial Intelligence, Blogging Platforms, Collaboration, Email, Enterprise Software, Information Technology, Machine Learning, Search Engine, Video Streaming\nHQ-location: Mountain View, California, United States\nShort-Desc: Google is a multinational corporation that is specialized in internet-related services and products.\nCB-Rank: 125\nFounded: 1998\nEstimated-Revenue: $10B+\nAcquired-By: -\nTotal-Funding: 36100000\n"
    },
    "id": 0
  },
  {
    "completions": [
      {
        "id": 1001,
        "lead_time": 8.539,
        "result": [
          {
            "from_name": "Output",
            "id": "knV_W5C3vI",
            "to_name": "text",
            "type": "choices",
            "value": {
              "choices": [
                "Medium Priority"
              ]
            }
          }
        ]
      }
    ],
    "data": {
      "text": "Name: uBiome\nCategories: Health Care, Machine Learning, Quantified Self\nHQ-location: San Francisco, California, United States\nShort-Desc: uBiome is a citizen science startup that sequences the human microbiome.\nCB-Rank: 148\nFounded: 2012\nEstimated-Revenue: -\nAcquired-By: -\nTotal-Funding: 109851193\n"
    },
    "id": 1
  },
  {
    "completions": [
      {
        "id": 2001,
        "lead_time": 3.814,
        "result": [
          {
            "from_name": "Output",
            "id": "HbuyliIG4X",
            "to_name": "text",
            "type": "choices",
            "value": {
              "choices": [
                "Low Priority"
              ]
            }
          }
        ]
      }
    ],
    "data": {
      "text": "Name: Tara AI\nCategories: Artificial Intelligence, Developer Tools, Enterprise Software, Information Technology, Machine Learning, Software Engineering\nHQ-location: San Jose, California, United States\nShort-Desc: Tara AI is the Smart Scoping Platform, leveraging machine learning to help product teams be on-time, on-budget and on-roadmap.\nCB-Rank: 248\nFounded: 2016\nEstimated-Revenue: -\nAcquired-By: -\nTotal-Funding: 13000000\n"
    },
    "id": 2
  },
  {
    "completions": [
      {
        "id": 3001,
        "lead_time": 15.762,
        "result": [
          {
            "from_name": "Output",
            "id": "CMySADMu_6",
            "to_name": "text",
            "type": "choices",
            "value": {
              "choices": [
                "Low Priority"
              ]
            }
          }
        ]
      }
    ],
    "data": {
      "text": "Name: Text IQ\nCategories: Artificial Intelligence, Compliance, Enterprise Software, Information Technology, Machine Learning\nHQ-location: San Francisco, California, United States\nShort-Desc: Text IQ uses groundbreaking AI technology to protect companies from high-stakes legal and compliance disasters.\nCB-Rank: 294\nFounded: 2014\nEstimated-Revenue: -\nAcquired-By: -\nTotal-Funding: 15600000\n"
    },
    "id": 3
  },
  {
    "completions": [
      {
        "id": 4001,
        "lead_time": 6.207,
        "result": [
          {
            "from_name": "Output",
            "id": "Lz-7OG_Jpl",
            "to_name": "text",
            "type": "choices",
            "value": {
              "choices": [
                "Low Priority"
              ]
            }
          }
        ]
      }
    ],
    "data": {
      "text": "Name: HOVER\nCategories: 3D Technology, Computer Vision, Enterprise Software, Machine Learning, Mobile\nHQ-location: San Francisco, California, United States\nShort-Desc: HOVER is a 3D technology company that creates fully measured, customizable 3D models of any home.\nCB-Rank: 325\nFounded: 2011\nEstimated-Revenue: -\nAcquired-By: -\nTotal-Funding: 67300000\n"
    },
    "id": 4
  }
]